date,visits,day,month,week,year,black_Friday,easter,stores_open,payday_week
01/10/2019,797240,Tue,Oct,23,2019,0,0,1,0
02/10/2019,719241,Wed,Oct,23,2019,0,0,1,0
03/10/2019,700060,Thu,Oct,23,2019,0,0,1,0
04/10/2019,721915,Fri,Oct,23,2019,0,0,1,0
05/10/2019,839776,Sat,Oct,23,2019,0,0,1,0
06/10/2019,887520,Sun,Oct,24,2019,0,0,1,0
07/10/2019,809622,Mon,Oct,24,2019,0,0,1,0
08/10/2019,784869,Tue,Oct,24,2019,0,0,1,0
09/10/2019,764457,Wed,Oct,24,2019,0,0,1,0
10/10/2019,752541,Thu,Oct,24,2019,0,0,1,0
11/10/2019,765900,Fri,Oct,24,2019,0,0,1,0
12/10/2019,876826,Sat,Oct,24,2019,0,0,1,0
13/10/2019,932621,Sun,Oct,25,2019,0,0,1,0
14/10/2019,850849,Mon,Oct,25,2019,0,0,1,0
15/10/2019,751538,Tue,Oct,25,2019,0,0,1,0
16/10/2019,738768,Wed,Oct,25,2019,0,0,1,0
17/10/2019,711777,Thu,Oct,25,2019,0,0,1,0
18/10/2019,703826,Fri,Oct,25,2019,0,0,1,0
19/10/2019,802175,Sat,Oct,25,2019,0,0,1,0
20/10/2019,838225,Sun,Oct,26,2019,0,0,1,0
21/10/2019,802595,Mon,Oct,26,2019,0,0,1,0
22/10/2019,739552,Tue,Oct,26,2019,0,0,1,0
23/10/2019,734351,Wed,Oct,26,2019,0,0,1,0
24/10/2019,773925,Thu,Oct,26,2019,0,0,1,0
25/10/2019,818803,Fri,Oct,26,2019,0,0,1,0
26/10/2019,929053,Sat,Oct,26,2019,0,0,1,0
27/10/2019,901684,Sun,Oct,27,2019,0,0,1,0
28/10/2019,861796,Mon,Oct,27,2019,0,0,1,0
29/10/2019,784392,Tue,Oct,27,2019,0,0,1,0
30/10/2019,759038,Wed,Oct,27,2019,0,0,1,0
31/10/2019,729502,Thu,Oct,27,2019,0,0,1,0
01/11/2019,809656,Fri,Nov,27,2019,0,0,1,0
02/11/2019,932933,Sat,Nov,27,2019,0,0,1,0
03/11/2019,966664,Sun,Nov,28,2019,0,0,1,0
04/11/2019,895282,Mon,Nov,28,2019,0,0,1,0
05/11/2019,797085,Tue,Nov,28,2019,0,0,1,0
06/11/2019,849909,Wed,Nov,28,2019,0,0,1,0
07/11/2019,892086,Thu,Nov,28,2019,0,0,1,0
08/11/2019,901009,Fri,Nov,28,2019,0,0,1,0
09/11/2019,1056689,Sat,Nov,28,2019,0,0,1,0
10/11/2019,1018874,Sun,Nov,29,2019,0,0,1,0
11/11/2019,1024246,Mon,Nov,29,2019,0,0,1,0
12/11/2019,980119,Tue,Nov,29,2019,0,0,1,0
13/11/2019,1400427,Wed,Nov,29,2019,0,0,1,0
14/11/2019,1347070,Thu,Nov,29,2019,0,0,1,0
15/11/2019,1355895,Fri,Nov,29,2019,0,0,1,0
16/11/2019,1393812,Sat,Nov,29,2019,0,0,1,0
17/11/2019,1461579,Sun,Nov,30,2019,0,0,1,0
18/11/2019,1397408,Mon,Nov,30,2019,0,0,1,0
19/11/2019,1396297,Tue,Nov,30,2019,0,0,1,0
20/11/2019,1392587,Wed,Nov,30,2019,0,0,1,0
21/11/2019,1534557,Thu,Nov,30,2019,0,0,1,0
22/11/2019,2396517,Fri,Nov,30,2019,0,0,1,0
23/11/2019,2055065,Sat,Nov,30,2019,0,0,1,0
24/11/2019,2070499,Sun,Nov,31,2019,0,0,1,1
25/11/2019,2173389,Mon,Nov,31,2019,0,0,1,1
26/11/2019,2089293,Tue,Nov,31,2019,0,0,1,1
27/11/2019,2061928,Wed,Nov,31,2019,0,0,1,1
28/11/2019,2602216,Thu,Nov,31,2019,1,0,1,1
29/11/2019,4703472,Fri,Nov,31,2019,1,0,1,1
30/11/2019,2351354,Sat,Nov,31,2019,1,0,1,1
01/12/2019,2122773,Sun,Dec,32,2019,1,0,1,0
02/12/2019,2323775,Mon,Dec,32,2019,1,0,1,0
03/12/2019,1519136,Tue,Dec,32,2019,0,0,1,0
04/12/2019,1352325,Wed,Dec,32,2019,0,0,1,0
05/12/2019,1255011,Thu,Dec,32,2019,0,0,1,0
06/12/2019,1196968,Fri,Dec,32,2019,0,0,1,0
07/12/2019,1204385,Sat,Dec,32,2019,0,0,1,0
08/12/2019,1321671,Sun,Dec,33,2019,0,0,1,0
09/12/2019,1267347,Mon,Dec,33,2019,0,0,1,0
10/12/2019,1235099,Tue,Dec,33,2019,0,0,1,0
11/12/2019,1119534,Wed,Dec,33,2019,0,0,1,0
12/12/2019,1072582,Thu,Dec,33,2019,0,0,1,0
13/12/2019,1061396,Fri,Dec,33,2019,0,0,1,0
14/12/2019,1157964,Sat,Dec,33,2019,0,0,1,0
15/12/2019,1217969,Sun,Dec,34,2019,0,0,1,0
16/12/2019,1215569,Mon,Dec,34,2019,0,0,1,0
17/12/2019,1019679,Tue,Dec,34,2019,0,0,1,0
18/12/2019,1057695,Wed,Dec,34,2019,0,0,1,0
19/12/2019,1063927,Thu,Dec,34,2019,0,0,1,0
20/12/2019,1105591,Fri,Dec,34,2019,0,0,1,0
21/12/2019,1127179,Sat,Dec,34,2019,0,0,1,0
22/12/2019,1150744,Sun,Dec,35,2019,0,0,1,0
23/12/2019,1140625,Mon,Dec,35,2019,0,0,1,0
24/12/2019,1254589,Tue,Dec,35,2019,0,0,1,0
25/12/2019,1608187,Wed,Dec,35,2019,0,0,1,1
26/12/2019,2939025,Thu,Dec,35,2019,0,0,1,1
27/12/2019,2188014,Fri,Dec,35,2019,0,0,1,1
28/12/2019,1865964,Sat,Dec,35,2019,0,0,1,1
29/12/2019,1674584,Sun,Dec,36,2019,0,0,1,1
30/12/2019,1669924,Mon,Dec,36,2019,0,0,1,1
31/12/2019,1258201,Tue,Dec,36,2019,0,0,1,1
01/01/2020,1349729,Wed,Jan,36,2020,0,0,1,0
02/01/2020,1256199,Thu,Jan,36,2020,0,0,1,0
03/01/2020,1278705,Fri,Jan,36,2020,0,0,1,0
04/01/2020,1264783,Sat,Jan,36,2020,0,0,1,0
05/01/2020,1125072,Sun,Jan,37,2020,0,0,1,0
06/01/2020,1058817,Mon,Jan,37,2020,0,0,1,0
07/01/2020,1021537,Tue,Jan,37,2020,0,0,1,0
08/01/2020,941689,Wed,Jan,37,2020,0,0,1,0
09/01/2020,907751,Thu,Jan,37,2020,0,0,1,0
10/01/2020,917540,Fri,Jan,37,2020,0,0,1,0
11/01/2020,1003351,Sat,Jan,37,2020,0,0,1,0
12/01/2020,981352,Sun,Jan,38,2020,0,0,1,0
13/01/2020,894603,Mon,Jan,38,2020,0,0,1,0
14/01/2020,841464,Tue,Jan,38,2020,0,0,1,0
15/01/2020,916781,Wed,Jan,38,2020,0,0,1,0
16/01/2020,810090,Thu,Jan,38,2020,0,0,1,0
17/01/2020,821067,Fri,Jan,38,2020,0,0,1,0
18/01/2020,856896,Sat,Jan,38,2020,0,0,1,0
19/01/2020,850375,Sun,Jan,39,2020,0,0,1,0
20/01/2020,750187,Mon,Jan,39,2020,0,0,1,0
21/01/2020,748529,Tue,Jan,39,2020,0,0,1,0
22/01/2020,711154,Wed,Jan,39,2020,0,0,1,0
23/01/2020,713925,Thu,Jan,39,2020,0,0,1,0
24/01/2020,746704,Fri,Jan,39,2020,0,0,1,0
25/01/2020,818006,Sat,Jan,39,2020,0,0,1,1
26/01/2020,835767,Sun,Jan,40,2020,0,0,1,1
27/01/2020,786910,Mon,Jan,40,2020,0,0,1,1
28/01/2020,710782,Tue,Jan,40,2020,0,0,1,1
29/01/2020,676543,Wed,Jan,40,2020,0,0,1,1
30/01/2020,678489,Thu,Jan,40,2020,0,0,1,1
31/01/2020,696825,Fri,Jan,40,2020,0,0,1,1
01/02/2020,787157,Sat,Feb,40,2020,0,0,1,0
02/02/2020,810234,Sun,Feb,41,2020,0,0,1,0
03/02/2020,704001,Mon,Feb,41,2020,0,0,1,0
04/02/2020,659923,Tue,Feb,41,2020,0,0,1,0
05/02/2020,651718,Wed,Feb,41,2020,0,0,1,0
06/02/2020,627767,Thu,Feb,41,2020,0,0,1,0
07/02/2020,659509,Fri,Feb,41,2020,0,0,1,0
08/02/2020,752215,Sat,Feb,41,2020,0,0,1,0
09/02/2020,799684,Sun,Feb,42,2020,0,0,1,0
10/02/2020,680496,Mon,Feb,42,2020,0,0,1,0
11/02/2020,669844,Tue,Feb,42,2020,0,0,1,0
12/02/2020,639016,Wed,Feb,42,2020,0,0,1,0
13/02/2020,602310,Thu,Feb,42,2020,0,0,1,0
14/02/2020,630544,Fri,Feb,42,2020,0,0,1,0
15/02/2020,774289,Sat,Feb,42,2020,0,0,1,0
16/02/2020,763685,Sun,Feb,43,2020,0,0,1,0
17/02/2020,698238,Mon,Feb,43,2020,0,0,1,0
18/02/2020,667173,Tue,Feb,43,2020,0,0,1,0
19/02/2020,662950,Wed,Feb,43,2020,0,0,1,0
20/02/2020,640079,Thu,Feb,43,2020,0,0,1,0
21/02/2020,681190,Fri,Feb,43,2020,0,0,1,0
22/02/2020,738740,Sat,Feb,43,2020,0,0,1,0
23/02/2020,717824,Sun,Feb,44,2020,0,0,1,1
24/02/2020,671650,Mon,Feb,44,2020,0,0,1,1
25/02/2020,602641,Tue,Feb,44,2020,0,0,1,1
26/02/2020,625289,Wed,Feb,44,2020,0,0,1,1
27/02/2020,601393,Thu,Feb,44,2020,0,0,1,1
28/02/2020,690999,Fri,Feb,44,2020,0,0,1,1
29/02/2020,795016,Sat,Feb,44,2020,0,0,1,1
01/03/2020,769191,Sun,Mar,45,2020,0,0,1,0
02/03/2020,679826,Mon,Mar,45,2020,0,0,1,0
03/03/2020,707806,Tue,Mar,45,2020,0,0,1,0
04/03/2020,630944,Wed,Mar,45,2020,0,0,1,0
05/03/2020,623805,Thu,Mar,45,2020,0,0,1,0
06/03/2020,621930,Fri,Mar,45,2020,0,0,1,0
07/03/2020,722768,Sat,Mar,45,2020,0,0,1,0
08/03/2020,737101,Sun,Mar,46,2020,0,0,1,0
09/03/2020,671993,Mon,Mar,46,2020,0,0,1,0
10/03/2020,646724,Tue,Mar,46,2020,0,0,1,0
11/03/2020,642377,Wed,Mar,46,2020,0,0,1,0
12/03/2020,639345,Thu,Mar,46,2020,0,0,1,0
13/03/2020,715041,Fri,Mar,46,2020,0,0,1,0
14/03/2020,830462,Sat,Mar,46,2020,0,0,1,0
15/03/2020,876692,Sun,Mar,47,2020,0,0,1,0
16/03/2020,836048,Mon,Mar,47,2020,0,0,1,0
17/03/2020,974606,Tue,Mar,47,2020,0,0,1,0
18/03/2020,1051809,Wed,Mar,47,2020,0,0,1,0
19/03/2020,1104357,Thu,Mar,47,2020,0,0,1,0
20/03/2020,1062089,Fri,Mar,47,2020,0,0,1,0
21/03/2020,1178653,Sat,Mar,47,2020,0,0,1,0
22/03/2020,1032155,Sun,Mar,48,2020,0,0,1,0
23/03/2020,1145930,Mon,Mar,48,2020,0,0,0,0
24/03/2020,950243,Tue,Mar,48,2020,0,0,0,0
25/03/2020,830534,Wed,Mar,48,2020,0,0,0,1
26/03/2020,857592,Thu,Mar,48,2020,0,0,0,1
27/03/2020,873505,Fri,Mar,48,2020,0,0,0,1
28/03/2020,958536,Sat,Mar,48,2020,0,0,0,1
29/03/2020,948768,Sun,Mar,49,2020,0,0,0,1
30/03/2020,1056735,Mon,Mar,49,2020,0,0,0,1
31/03/2020,1007817,Tue,Mar,49,2020,0,0,0,1
01/04/2020,1077035,Wed,Apr,49,2020,0,0,0,0
02/04/2020,1106712,Thu,Apr,49,2020,0,0,0,0
03/04/2020,1073261,Fri,Apr,49,2020,0,0,0,0
04/04/2020,1037586,Sat,Apr,49,2020,0,0,0,0
05/04/2020,978303,Sun,Apr,50,2020,0,0,0,0
06/04/2020,1073259,Mon,Apr,50,2020,0,0,0,0
07/04/2020,952109,Tue,Apr,50,2020,0,0,0,0
08/04/2020,931616,Wed,Apr,50,2020,0,0,0,0
09/04/2020,911844,Thu,Apr,50,2020,0,0,0,0
10/04/2020,1088560,Fri,Apr,50,2020,0,1,0,0
11/04/2020,971727,Sat,Apr,50,2020,0,1,0,0
12/04/2020,995234,Sun,Apr,51,2020,0,1,0,0
13/04/2020,1199829,Mon,Apr,51,2020,0,1,0,0
14/04/2020,1068099,Tue,Apr,51,2020,0,0,0,0
15/04/2020,1080971,Wed,Apr,51,2020,0,0,0,0
16/04/2020,1088820,Thu,Apr,51,2020,0,0,0,0
17/04/2020,1176984,Fri,Apr,51,2020,0,0,0,0
18/04/2020,1153202,Sat,Apr,51,2020,0,0,0,0
19/04/2020,1047500,Sun,Apr,52,2020,0,0,0,0
20/04/2020,1174627,Mon,Apr,52,2020,0,0,0,0
21/04/2020,1127612,Tue,Apr,52,2020,0,0,0,0
22/04/2020,1068882,Wed,Apr,52,2020,0,0,0,0
23/04/2020,1049107,Thu,Apr,52,2020,0,0,0,0
24/04/2020,1089313,Fri,Apr,52,2020,0,0,0,1
25/04/2020,1041617,Sat,Apr,52,2020,0,0,0,1
26/04/2020,999949,Sun,Apr,53,2020,0,0,0,1
27/04/2020,1165924,Mon,Apr,53,2020,0,0,0,1
28/04/2020,1215793,Tue,Apr,53,2020,0,0,0,1
29/04/2020,1171591,Wed,Apr,53,2020,0,0,0,1
30/04/2020,1132945,Thu,Apr,53,2020,0,0,0,1
01/05/2020,1245263,Fri,May,53,2020,0,0,0,0
02/05/2020,1254247,Sat,May,53,2020,0,0,0,0
03/05/2020,1223025,Sun,May,1,2020,0,0,0,0
04/05/2020,1211375,Mon,May,1,2020,0,0,0,0
05/05/2020,1174969,Tue,May,1,2020,0,0,0,0
06/05/2020,1141254,Wed,May,1,2020,0,0,0,0
07/05/2020,1138190,Thu,May,1,2020,0,0,0,0
08/05/2020,1054781,Fri,May,1,2020,0,0,0,0
09/05/2020,1025565,Sat,May,1,2020,0,0,0,0
10/05/2020,1167695,Sun,May,2,2020,0,0,0,0
11/05/2020,1166871,Mon,May,2,2020,0,0,0,0
12/05/2020,1178286,Tue,May,2,2020,0,0,0,0
13/05/2020,1166322,Wed,May,2,2020,0,0,0,0
14/05/2020,1037150,Thu,May,2,2020,0,0,0,0
15/05/2020,1099475,Fri,May,2,2020,0,0,0,0
16/05/2020,1167062,Sat,May,2,2020,0,0,0,0
17/05/2020,1141627,Sun,May,3,2020,0,0,0,0
18/05/2020,1132490,Mon,May,3,2020,0,0,0,0
19/05/2020,1075270,Tue,May,3,2020,0,0,0,0
20/05/2020,1041018,Wed,May,3,2020,0,0,0,0
21/05/2020,1098491,Thu,May,3,2020,0,0,0,0
22/05/2020,1146673,Fri,May,3,2020,0,0,0,0
23/05/2020,1236051,Sat,May,3,2020,0,0,0,0
24/05/2020,1144110,Sun,May,4,2020,0,0,0,0
25/05/2020,1125594,Mon,May,4,2020,0,0,0,1
26/05/2020,1076765,Tue,May,4,2020,0,0,0,1
27/05/2020,1021637,Wed,May,4,2020,0,0,0,1
28/05/2020,964787,Thu,May,4,2020,0,0,0,1
29/05/2020,975728,Fri,May,4,2020,0,0,0,1
30/05/2020,945545,Sat,May,4,2020,0,0,0,1
31/05/2020,946862,Sun,May,5,2020,0,0,0,1
01/06/2020,1074615,Mon,Jun,5,2020,0,0,0,0
02/06/2020,991641,Tue,Jun,5,2020,0,0,0,0
03/06/2020,1133272,Wed,Jun,5,2020,0,0,0,0
04/06/2020,1063653,Thu,Jun,5,2020,0,0,0,0
05/06/2020,1177406,Fri,Jun,5,2020,0,0,0,0
06/06/2020,1235327,Sat,Jun,5,2020,0,0,0,0
07/06/2020,1166656,Sun,Jun,6,2020,0,0,0,0
08/06/2020,1169299,Mon,Jun,6,2020,0,0,0,0
09/06/2020,1109465,Tue,Jun,6,2020,0,0,0,0
10/06/2020,1174583,Wed,Jun,6,2020,0,0,0,0
11/06/2020,1114234,Thu,Jun,6,2020,0,0,0,0
12/06/2020,1208351,Fri,Jun,6,2020,0,0,0,0
13/06/2020,1079068,Sat,Jun,6,2020,0,0,0,0
14/06/2020,1114855,Sun,Jun,7,2020,0,0,0,0
15/06/2020,1254585,Mon,Jun,7,2020,0,0,0,0
16/06/2020,1282075,Tue,Jun,7,2020,0,0,1,0
17/06/2020,1292700,Wed,Jun,7,2020,0,0,1,0
18/06/2020,1319904,Thu,Jun,7,2020,0,0,1,0
19/06/2020,1373645,Fri,Jun,7,2020,0,0,1,0
20/06/2020,1377102,Sat,Jun,7,2020,0,0,1,0
21/06/2020,1290572,Sun,Jun,8,2020,0,0,1,0
22/06/2020,1238651,Mon,Jun,8,2020,0,0,1,0
23/06/2020,1121779,Tue,Jun,8,2020,0,0,1,0
24/06/2020,1090118,Wed,Jun,8,2020,0,0,1,1
25/06/2020,1122675,Thu,Jun,8,2020,0,0,1,1
26/06/2020,1236713,Fri,Jun,8,2020,0,0,1,1
27/06/2020,1454947,Sat,Jun,8,2020,0,0,1,1
28/06/2020,1402986,Sun,Jun,9,2020,0,0,1,1
29/06/2020,1314928,Mon,Jun,9,2020,0,0,1,1
30/06/2020,915179,Tue,Jun,9,2020,0,0,1,1
01/07/2020,1127578,Wed,Jul,9,2020,0,0,1,0
02/07/2020,1241195,Thu,Jul,9,2020,0,0,1,0
03/07/2020,1223871,Fri,Jul,9,2020,0,0,1,0
04/07/2020,1261581,Sat,Jul,9,2020,0,0,1,0
05/07/2020,1246141,Sun,Jul,10,2020,0,0,1,0
06/07/2020,1192789,Mon,Jul,10,2020,0,0,1,0
07/07/2020,1168968,Tue,Jul,10,2020,0,0,1,0
08/07/2020,1165671,Wed,Jul,10,2020,0,0,1,0
09/07/2020,1147719,Thu,Jul,10,2020,0,0,1,0
10/07/2020,957796,Fri,Jul,10,2020,0,0,1,0
11/07/2020,1032430,Sat,Jul,10,2020,0,0,1,0
12/07/2020,1005841,Sun,Jul,11,2020,0,0,1,0
13/07/2020,1121022,Mon,Jul,11,2020,0,0,1,0
14/07/2020,1035254,Tue,Jul,11,2020,0,0,1,0
15/07/2020,1076086,Wed,Jul,11,2020,0,0,1,0
16/07/2020,994646,Thu,Jul,11,2020,0,0,1,0
17/07/2020,913857,Fri,Jul,11,2020,0,0,1,0
18/07/2020,1088191,Sat,Jul,11,2020,0,0,1,0
19/07/2020,1017343,Sun,Jul,12,2020,0,0,1,0
20/07/2020,1094557,Mon,Jul,12,2020,0,0,1,0
21/07/2020,937307,Tue,Jul,12,2020,0,0,1,0
22/07/2020,981699,Wed,Jul,12,2020,0,0,1,0
23/07/2020,990567,Thu,Jul,12,2020,0,0,1,0
24/07/2020,987288,Fri,Jul,12,2020,0,0,1,0
25/07/2020,1095141,Sat,Jul,12,2020,0,0,1,1
26/07/2020,1044983,Sun,Jul,13,2020,0,0,1,1
27/07/2020,1150451,Mon,Jul,13,2020,0,0,1,1
28/07/2020,1026449,Tue,Jul,13,2020,0,0,1,1
29/07/2020,976098,Wed,Jul,13,2020,0,0,1,1
30/07/2020,951450,Thu,Jul,13,2020,0,0,1,1
31/07/2020,894807,Fri,Jul,13,2020,0,0,1,1
01/08/2020,956539,Sat,Aug,13,2020,0,0,1,0
02/08/2020,995382,Sun,Aug,14,2020,0,0,1,0
03/08/2020,1063443,Mon,Aug,14,2020,0,0,1,0
04/08/2020,1061722,Tue,Aug,14,2020,0,0,1,0
05/08/2020,1018604,Wed,Aug,14,2020,0,0,1,0
06/08/2020,999304,Thu,Aug,14,2020,0,0,1,0
07/08/2020,947414,Fri,Aug,14,2020,0,0,1,0
08/08/2020,946053,Sat,Aug,14,2020,0,0,1,0
09/08/2020,965249,Sun,Aug,15,2020,0,0,1,0
10/08/2020,1035137,Mon,Aug,15,2020,0,0,1,0
11/08/2020,1044349,Tue,Aug,15,2020,0,0,1,0
12/08/2020,1087672,Wed,Aug,15,2020,0,0,1,0
13/08/2020,1050887,Thu,Aug,15,2020,0,0,1,0
14/08/2020,1073719,Fri,Aug,15,2020,0,0,1,0
15/08/2020,1073170,Sat,Aug,15,2020,0,0,1,0
16/08/2020,1097850,Sun,Aug,16,2020,0,0,1,0
17/08/2020,1136497,Mon,Aug,16,2020,0,0,1,0
18/08/2020,1019897,Tue,Aug,16,2020,0,0,1,0
19/08/2020,1067118,Wed,Aug,16,2020,0,0,1,0
20/08/2020,991111,Thu,Aug,16,2020,0,0,1,0
21/08/2020,1094382,Fri,Aug,16,2020,0,0,1,0
22/08/2020,1106991,Sat,Aug,16,2020,0,0,1,0
23/08/2020,1119358,Sun,Aug,17,2020,0,0,1,0
24/08/2020,1106099,Mon,Aug,17,2020,0,0,1,0
25/08/2020,1103221,Tue,Aug,17,2020,0,0,1,1
26/08/2020,1061043,Wed,Aug,17,2020,0,0,1,1
27/08/2020,1157249,Thu,Aug,17,2020,0,0,1,1
28/08/2020,1225623,Fri,Aug,17,2020,0,0,1,1
29/08/2020,1209241,Sat,Aug,17,2020,0,0,1,1
30/08/2020,1121807,Sun,Aug,18,2020,0,0,1,1
31/08/2020,1250242,Mon,Aug,18,2020,0,0,1,1
01/09/2020,1082695,Tue,Sep,18,2020,0,0,1,0
02/09/2020,1128512,Wed,Sep,18,2020,0,0,1,0
03/09/2020,1090009,Thu,Sep,18,2020,0,0,1,0
04/09/2020,1009572,Fri,Sep,18,2020,0,0,1,0
05/09/2020,1135872,Sat,Sep,18,2020,0,0,1,0
06/09/2020,1126971,Sun,Sep,19,2020,0,0,1,0
07/09/2020,1152203,Mon,Sep,19,2020,0,0,1,0
08/09/2020,945137,Tue,Sep,19,2020,0,0,1,0
09/09/2020,1035075,Wed,Sep,19,2020,0,0,1,0
10/09/2020,996432,Thu,Sep,19,2020,0,0,1,0
11/09/2020,1056438,Fri,Sep,19,2020,0,0,1,0
12/09/2020,1099468,Sat,Sep,19,2020,0,0,1,0
13/09/2020,1069324,Sun,Sep,20,2020,0,0,1,0
14/09/2020,1052997,Mon,Sep,20,2020,0,0,1,0
15/09/2020,1019751,Tue,Sep,20,2020,0,0,1,0
16/09/2020,1105617,Wed,Sep,20,2020,0,0,1,0
17/09/2020,1761316,Thu,Sep,20,2020,0,0,1,0
18/09/2020,1327339,Fri,Sep,20,2020,0,0,1,0
19/09/2020,1259966,Sat,Sep,20,2020,0,0,1,0
20/09/2020,1237039,Sun,Sep,21,2020,0,0,1,0
21/09/2020,1222888,Mon,Sep,21,2020,0,0,1,0
22/09/2020,1482321,Tue,Sep,21,2020,0,0,1,0
23/09/2020,1325725,Wed,Sep,21,2020,0,0,1,0
24/09/2020,1291629,Thu,Sep,21,2020,0,0,1,1
25/09/2020,1889890,Fri,Sep,21,2020,0,0,1,1
26/09/2020,1395482,Sat,Sep,21,2020,0,0,1,1
27/09/2020,1342156,Sun,Sep,22,2020,0,0,1,1
28/09/2020,1440749,Mon,Sep,22,2020,0,0,1,1
29/09/2020,1253177,Tue,Sep,22,2020,0,0,1,1
30/09/2020,1281724,Wed,Sep,22,2020,0,0,1,1
01/10/2020,1219783,Thu,Oct,22,2020,0,0,1,0
02/10/2020,1503806,Fri,Oct,22,2020,0,0,1,0
03/10/2020,1510293,Sat,Oct,22,2020,0,0,1,0
04/10/2020,1433281,Sun,Oct,23,2020,0,0,1,0
05/10/2020,1323601,Mon,Oct,23,2020,0,0,1,0
06/10/2020,1178380,Tue,Oct,23,2020,0,0,1,0
07/10/2020,1147550,Wed,Oct,23,2020,0,0,1,0
08/10/2020,1182421,Thu,Oct,23,2020,0,0,1,0
09/10/2020,1461046,Fri,Oct,23,2020,0,0,1,0
10/10/2020,1323386,Sat,Oct,23,2020,0,0,1,0
11/10/2020,1257778,Sun,Oct,24,2020,0,0,1,0
12/10/2020,1234437,Mon,Oct,24,2020,0,0,1,0
13/10/2020,1827487,Tue,Oct,24,2020,0,0,1,0
14/10/2020,1630613,Wed,Oct,24,2020,0,0,1,0
15/10/2020,1007244,Thu,Oct,24,2020,0,0,1,0
16/10/2020,1417956,Fri,Oct,24,2020,0,0,1,0
17/10/2020,1463007,Sat,Oct,24,2020,0,0,1,0
18/10/2020,1450109,Sun,Oct,25,2020,0,0,1,0
19/10/2020,1443460,Mon,Oct,25,2020,0,0,1,0
20/10/2020,1262092,Tue,Oct,25,2020,0,0,1,0
21/10/2020,1246306,Wed,Oct,25,2020,0,0,1,0
22/10/2020,1213108,Thu,Oct,25,2020,0,0,1,0
23/10/2020,1318199,Fri,Oct,25,2020,0,0,1,0
24/10/2020,1477620,Sat,Oct,25,2020,0,0,1,0
25/10/2020,1486663,Sun,Oct,26,2020,0,0,1,1
26/10/2020,1414118,Mon,Oct,26,2020,0,0,1,1
27/10/2020,1394718,Tue,Oct,26,2020,0,0,1,1
28/10/2020,1450835,Wed,Oct,26,2020,0,0,1,1
29/10/2020,1417784,Thu,Oct,26,2020,0,0,1,1
30/10/2020,1428576,Fri,Oct,26,2020,0,0,1,1
31/10/2020,1473089,Sat,Oct,26,2020,0,0,1,1
01/11/2020,1656543,Sun,Nov,27,2020,0,0,1,0
02/11/2020,1622612,Mon,Nov,27,2020,0,0,1,0
03/11/2020,1474565,Tue,Nov,27,2020,0,0,1,0
04/11/2020,1385554,Wed,Nov,27,2020,0,0,1,0
05/11/2020,1463366,Thu,Nov,27,2020,0,0,0,0
06/11/2020,1536317,Fri,Nov,27,2020,0,0,0,0
07/11/2020,1739479,Sat,Nov,27,2020,0,0,0,0
08/11/2020,1830930,Sun,Nov,28,2020,0,0,0,0
09/11/2020,1988260,Mon,Nov,28,2020,0,0,0,0
10/11/2020,2961346,Tue,Nov,28,2020,0,0,0,0
11/11/2020,2407479,Wed,Nov,28,2020,0,0,0,0
12/11/2020,2314507,Thu,Nov,28,2020,0,0,0,0
13/11/2020,2455998,Fri,Nov,28,2020,0,0,0,0
14/11/2020,2589974,Sat,Nov,28,2020,0,0,0,0
15/11/2020,2545644,Sun,Nov,29,2020,0,0,0,0
16/11/2020,2501239,Mon,Nov,29,2020,0,0,0,0
17/11/2020,2555481,Tue,Nov,29,2020,0,0,0,0
18/11/2020,3081949,Wed,Nov,29,2020,0,0,0,0
19/11/2020,5901293,Thu,Nov,29,2020,0,0,0,0
20/11/2020,4155377,Fri,Nov,29,2020,0,0,0,0
21/11/2020,3933717,Sat,Nov,29,2020,0,0,0,0
22/11/2020,3497268,Sun,Nov,30,2020,0,0,0,0
23/11/2020,3508269,Mon,Nov,30,2020,0,0,0,0
24/11/2020,3613303,Tue,Nov,30,2020,0,0,0,1
25/11/2020,3496887,Wed,Nov,30,2020,0,0,0,1
26/11/2020,4030396,Thu,Nov,30,2020,1,0,0,1
27/11/2020,5718917,Fri,Nov,30,2020,1,0,0,1
28/11/2020,3801622,Sat,Nov,30,2020,1,0,0,1
29/11/2020,3236385,Sun,Nov,31,2020,1,0,0,1
30/11/2020,3619147,Mon,Nov,31,2020,1,0,0,1
01/12/2020,2652534,Tue,Dec,31,2020,0,0,0,0
02/12/2020,2452560,Wed,Dec,31,2020,0,0,1,0
03/12/2020,2769770,Thu,Dec,31,2020,0,0,1,0
04/12/2020,2560897,Fri,Dec,31,2020,0,0,1,0
05/12/2020,2223441,Sat,Dec,31,2020,0,0,1,0
06/12/2020,2311722,Sun,Dec,32,2020,0,0,1,0
07/12/2020,2385307,Mon,Dec,32,2020,0,0,1,0
08/12/2020,2247150,Tue,Dec,32,2020,0,0,1,0
09/12/2020,2209041,Wed,Dec,32,2020,0,0,1,0
10/12/2020,2136537,Thu,Dec,32,2020,0,0,1,0
11/12/2020,2039037,Fri,Dec,32,2020,0,0,1,0
12/12/2020,2071954,Sat,Dec,32,2020,0,0,1,0
13/12/2020,2211796,Sun,Dec,33,2020,0,0,1,0
14/12/2020,2415040,Mon,Dec,33,2020,0,0,1,0
15/12/2020,2125484,Tue,Dec,33,2020,0,0,1,0
16/12/2020,1986486,Wed,Dec,33,2020,0,0,1,0
17/12/2020,1905112,Thu,Dec,33,2020,0,0,1,0
18/12/2020,1981364,Fri,Dec,33,2020,0,0,1,0
19/12/2020,1915612,Sat,Dec,33,2020,0,0,1,0
20/12/2020,1881935,Sun,Dec,34,2020,0,0,1,0
21/12/2020,1962437,Mon,Dec,34,2020,0,0,1,0
22/12/2020,1843256,Tue,Dec,34,2020,0,0,1,0
23/12/2020,1727024,Wed,Dec,34,2020,0,0,1,0
24/12/2020,1912493,Thu,Dec,34,2020,0,0,1,0
25/12/2020,2159434,Fri,Dec,34,2020,0,0,1,1
26/12/2020,4194290,Sat,Dec,34,2020,0,0,1,1
27/12/2020,3229461,Sun,Dec,35,2020,0,0,1,1
28/12/2020,2961831,Mon,Dec,35,2020,0,0,1,1
29/12/2020,2725732,Tue,Dec,35,2020,0,0,1,1
30/12/2020,2373567,Wed,Dec,35,2020,0,0,1,1
31/12/2020,1914060,Thu,Dec,35,2020,0,0,1,1
01/01/2021,2226092,Fri,Jan,35,2021,0,0,1,0
02/01/2021,2267418,Sat,Jan,35,2021,0,0,1,0
03/01/2021,2112591,Sun,Jan,36,2021,0,0,1,0
04/01/2021,2377181,Mon,Jan,36,2021,0,0,1,0
05/01/2021,2269472,Tue,Jan,36,2021,0,0,1,0
06/01/2021,2182437,Wed,Jan,36,2021,0,0,0,0
07/01/2021,2180063,Thu,Jan,36,2021,0,0,0,0
08/01/2021,2054436,Fri,Jan,36,2021,0,0,0,0
09/01/2021,1980901,Sat,Jan,36,2021,0,0,0,0
10/01/2021,1910044,Sun,Jan,37,2021,0,0,0,0
11/01/2021,1972918,Mon,Jan,37,2021,0,0,0,0
12/01/2021,2038953,Tue,Jan,37,2021,0,0,0,0
13/01/2021,2007600,Wed,Jan,37,2021,0,0,0,0
14/01/2021,1968410,Thu,Jan,37,2021,0,0,0,0
15/01/2021,1986916,Fri,Jan,37,2021,0,0,0,0
16/01/2021,2110286,Sat,Jan,37,2021,0,0,0,0
17/01/2021,1924186,Sun,Jan,38,2021,0,0,0,0
18/01/2021,1955254,Mon,Jan,38,2021,0,0,0,0
19/01/2021,1975245,Tue,Jan,38,2021,0,0,0,0
20/01/2021,2178983,Wed,Jan,38,2021,0,0,0,0
21/01/2021,1914142,Thu,Jan,38,2021,0,0,0,0
22/01/2021,1856983,Fri,Jan,38,2021,0,0,0,0
23/01/2021,1833574,Sat,Jan,38,2021,0,0,0,0
24/01/2021,1643301,Sun,Jan,39,2021,0,0,0,0
25/01/2021,1817611,Mon,Jan,39,2021,0,0,0,1
26/01/2021,1824186,Tue,Jan,39,2021,0,0,0,1
27/01/2021,1809204,Wed,Jan,39,2021,0,0,0,1
28/01/2021,1673567,Thu,Jan,39,2021,0,0,0,1
29/01/2021,1546798,Fri,Jan,39,2021,0,0,0,1
30/01/2021,1746839,Sat,Jan,39,2021,0,0,0,1
31/01/2021,1652023,Sun,Jan,40,2021,0,0,0,1
01/02/2021,1690832,Mon,Feb,40,2021,0,0,0,0
02/02/2021,1601316,Tue,Feb,40,2021,0,0,0,0
03/02/2021,1652344,Wed,Feb,40,2021,0,0,0,0
04/02/2021,1622658,Thu,Feb,40,2021,0,0,0,0
05/02/2021,1360153,Fri,Feb,40,2021,0,0,0,0
06/02/2021,1710542,Sat,Feb,40,2021,0,0,0,0
07/02/2021,1570487,Sun,Feb,41,2021,0,0,0,0
08/02/2021,1556822,Mon,Feb,41,2021,0,0,0,0
09/02/2021,1586417,Tue,Feb,41,2021,0,0,0,0
10/02/2021,1505041,Wed,Feb,41,2021,0,0,0,0
11/02/2021,1673093,Thu,Feb,41,2021,0,0,0,0
12/02/2021,1526590,Fri,Feb,41,2021,0,0,0,0
13/02/2021,1519395,Sat,Feb,41,2021,0,0,0,0
14/02/2021,1428056,Sun,Feb,42,2021,0,0,0,0
15/02/2021,1512177,Mon,Feb,42,2021,0,0,0,0
16/02/2021,1591846,Tue,Feb,42,2021,0,0,0,0
17/02/2021,1741222,Wed,Feb,42,2021,0,0,0,0
18/02/2021,1804976,Thu,Feb,42,2021,0,0,0,0
19/02/2021,1664477,Fri,Feb,42,2021,0,0,0,0
20/02/2021,1616523,Sat,Feb,42,2021,0,0,0,0
21/02/2021,1476667,Sun,Feb,43,2021,0,0,0,0
22/02/2021,1582485,Mon,Feb,43,2021,0,0,0,1
23/02/2021,1507437,Tue,Feb,43,2021,0,0,0,1
24/02/2021,1377439,Wed,Feb,43,2021,0,0,0,1
25/02/2021,1281427,Thu,Feb,43,2021,0,0,0,1
26/02/2021,1273158,Fri,Feb,43,2021,0,0,0,1
27/02/2021,1454128,Sat,Feb,43,2021,0,0,0,1
28/02/2021,1335551,Sun,Feb,44,2021,0,0,0,1
01/03/2021,1496830,Mon,Mar,44,2021,0,0,0,0
02/03/2021,1485876,Tue,Mar,44,2021,0,0,0,0
03/03/2021,1552796,Wed,Mar,44,2021,0,0,0,0
04/03/2021,1419859,Thu,Mar,44,2021,0,0,0,0
05/03/2021,1287927,Fri,Mar,44,2021,0,0,0,0
06/03/2021,1399442,Sat,Mar,44,2021,0,0,0,0
07/03/2021,1306314,Sun,Mar,45,2021,0,0,0,0
08/03/2021,1292991,Mon,Mar,45,2021,0,0,0,0
09/03/2021,1228831,Tue,Mar,45,2021,0,0,0,0
10/03/2021,1313447,Wed,Mar,45,2021,0,0,0,0
11/03/2021,1257161,Thu,Mar,45,2021,0,0,0,0
12/03/2021,1291138,Fri,Mar,45,2021,0,0,0,0
13/03/2021,1347953,Sat,Mar,45,2021,0,0,0,0
14/03/2021,1264094,Sun,Mar,46,2021,0,0,0,0
15/03/2021,1314155,Mon,Mar,46,2021,0,0,0,0
16/03/2021,1186230,Tue,Mar,46,2021,0,0,0,0
17/03/2021,1169854,Wed,Mar,46,2021,0,0,0,0
18/03/2021,1157192,Thu,Mar,46,2021,0,0,0,0
19/03/2021,1153046,Fri,Mar,46,2021,0,0,0,0
20/03/2021,1233574,Sat,Mar,46,2021,0,0,0,0
21/03/2021,1187935,Sun,Mar,47,2021,0,0,0,0
22/03/2021,1196385,Mon,Mar,47,2021,0,0,0,0
23/03/2021,1176590,Tue,Mar,47,2021,0,0,0,0
24/03/2021,1400491,Wed,Mar,47,2021,0,0,0,0
25/03/2021,1296416,Thu,Mar,47,2021,0,0,0,1
26/03/2021,1375766,Fri,Mar,47,2021,0,0,0,1
27/03/2021,1387357,Sat,Mar,47,2021,0,0,0,1
28/03/2021,1355959,Sun,Mar,48,2021,0,0,0,1
29/03/2021,1315111,Mon,Mar,48,2021,0,0,0,1
30/03/2021,1083775,Tue,Mar,48,2021,0,0,0,1
31/03/2021,1095688,Wed,Mar,48,2021,0,0,0,1
01/04/2021,1149696,Thu,Apr,48,2021,0,0,0,0
02/04/2021,1326650,Fri,Apr,48,2021,0,1,0,0
03/04/2021,1230191,Sat,Apr,48,2021,0,1,0,0
04/04/2021,1075421,Sun,Apr,49,2021,0,1,0,0
05/04/2021,1382145,Mon,Apr,49,2021,0,1,0,0
06/04/2021,1144199,Tue,Apr,49,2021,0,0,0,0
07/04/2021,1103916,Wed,Apr,49,2021,0,0,0,0
08/04/2021,1149069,Thu,Apr,49,2021,0,0,0,0
09/04/2021,1006952,Fri,Apr,49,2021,0,0,0,0
10/04/2021,1136344,Sat,Apr,49,2021,0,0,0,0
11/04/2021,1145140,Sun,Apr,50,2021,0,0,0,0
12/04/2021,1205007,Mon,Apr,50,2021,0,0,1,0
13/04/2021,1087646,Tue,Apr,50,2021,0,0,1,0
14/04/2021,1045840,Wed,Apr,50,2021,0,0,1,0
15/04/2021,1044415,Thu,Apr,50,2021,0,0,1,0
16/04/2021,1113056,Fri,Apr,50,2021,0,0,1,0
17/04/2021,974484,Sat,Apr,50,2021,0,0,1,0
18/04/2021,998377,Sun,Apr,51,2021,0,0,1,0
19/04/2021,981240,Mon,Apr,51,2021,0,0,1,0
20/04/2021,958376,Tue,Apr,51,2021,0,0,1,0
21/04/2021,972244,Wed,Apr,51,2021,0,0,1,0
22/04/2021,945082,Thu,Apr,51,2021,0,0,1,0
23/04/2021,849965,Fri,Apr,51,2021,0,0,1,0
24/04/2021,992059,Sat,Apr,51,2021,0,0,1,1
25/04/2021,999347,Sun,Apr,52,2021,0,0,1,1
26/04/2021,1037637,Mon,Apr,52,2021,0,0,1,1
27/04/2021,1014328,Tue,Apr,52,2021,0,0,1,1
28/04/2021,1048014,Wed,Apr,52,2021,0,0,1,1
29/04/2021,1155652,Thu,Apr,52,2021,0,0,1,1
30/04/2021,1026620,Fri,Apr,52,2021,0,0,1,1
01/05/2021,1078210,Sat,May,52,2021,0,0,1,0
02/05/2021,1043464,Sun,May,1,2021,0,0,1,0
03/05/2021,1255754,Mon,May,1,2021,0,0,1,0
04/05/2021,1119324,Tue,May,1,2021,0,0,1,0
05/05/2021,975465,Wed,May,1,2021,0,0,1,0
06/05/2021,839145,Thu,May,1,2021,0,0,1,0
07/05/2021,922084,Fri,May,1,2021,0,0,1,0
08/05/2021,1131431,Sat,May,1,2021,0,0,1,0
09/05/2021,1021606,Sun,May,2,2021,0,0,1,0
10/05/2021,1060054,Mon,May,2,2021,0,0,1,0
11/05/2021,960952,Tue,May,2,2021,0,0,1,0
12/05/2021,935595,Wed,May,2,2021,0,0,1,0
13/05/2021,920417,Thu,May,2,2021,0,0,1,0
14/05/2021,968641,Fri,May,2,2021,0,0,1,0
15/05/2021,1058830,Sat,May,2,2021,0,0,1,0
16/05/2021,1030950,Sun,May,3,2021,0,0,1,0
17/05/2021,985722,Mon,May,3,2021,0,0,1,0
18/05/2021,899260,Tue,May,3,2021,0,0,1,0
19/05/2021,835753,Wed,May,3,2021,0,0,1,0
20/05/2021,936879,Thu,May,3,2021,0,0,1,0
21/05/2021,1072876,Fri,May,3,2021,0,0,1,0
22/05/2021,954657,Sat,May,3,2021,0,0,1,0
23/05/2021,995881,Sun,May,4,2021,0,0,1,0
24/05/2021,1029047,Mon,May,4,2021,0,0,1,0
25/05/2021,920288,Tue,May,4,2021,0,0,1,1
26/05/2021,930874,Wed,May,4,2021,0,0,1,1
27/05/2021,826540,Thu,May,4,2021,0,0,1,1
28/05/2021,923694,Fri,May,4,2021,0,0,1,1
29/05/2021,839463,Sat,May,4,2021,0,0,1,1
30/05/2021,775982,Sun,May,5,2021,0,0,1,1
31/05/2021,940709,Mon,May,5,2021,0,0,1,1
01/06/2021,825835,Tue,Jun,5,2021,0,0,1,0
02/06/2021,793339,Wed,Jun,5,2021,0,0,1,0
03/06/2021,828756,Thu,Jun,5,2021,0,0,1,0
04/06/2021,891632,Fri,Jun,5,2021,0,0,1,0
05/06/2021,791630,Sat,Jun,5,2021,0,0,1,0
06/06/2021,860538,Sun,Jun,6,2021,0,0,1,0
07/06/2021,906819,Mon,Jun,6,2021,0,0,1,0
08/06/2021,822318,Tue,Jun,6,2021,0,0,1,0
09/06/2021,825228,Wed,Jun,6,2021,0,0,1,0
10/06/2021,808704,Thu,Jun,6,2021,0,0,1,0
11/06/2021,883582,Fri,Jun,6,2021,0,0,1,0
12/06/2021,789555,Sat,Jun,6,2021,0,0,1,0
13/06/2021,780028,Sun,Jun,7,2021,0,0,1,0
14/06/2021,894794,Mon,Jun,7,2021,0,0,1,0
15/06/2021,837442,Tue,Jun,7,2021,0,0,1,0
16/06/2021,820585,Wed,Jun,7,2021,0,0,1,0
17/06/2021,912286,Thu,Jun,7,2021,0,0,1,0
18/06/2021,872722,Fri,Jun,7,2021,0,0,1,0
19/06/2021,916528,Sat,Jun,7,2021,0,0,1,0
20/06/2021,955604,Sun,Jun,8,2021,0,0,1,0
21/06/2021,1170253,Mon,Jun,8,2021,0,0,1,0
22/06/2021,1020942,Tue,Jun,8,2021,0,0,1,0
23/06/2021,872317,Wed,Jun,8,2021,0,0,1,0
24/06/2021,941858,Thu,Jun,8,2021,0,0,1,1
25/06/2021,903601,Fri,Jun,8,2021,0,0,1,1
26/06/2021,867472,Sat,Jun,8,2021,0,0,1,1
27/06/2021,931567,Sun,Jun,9,2021,0,0,1,1
28/06/2021,914526,Mon,Jun,9,2021,0,0,1,1
29/06/2021,829682,Tue,Jun,9,2021,0,0,1,1
30/06/2021,900806,Wed,Jun,9,2021,0,0,1,1
01/07/2021,844123,Thu,Jul,9,2021,0,0,1,0
02/07/2021,895641,Fri,Jul,9,2021,0,0,1,0
03/07/2021,921678,Sat,Jul,9,2021,0,0,1,0
04/07/2021,936422,Sun,Jul,10,2021,0,0,1,0
05/07/2021,961271,Mon,Jul,10,2021,0,0,1,0
06/07/2021,931721,Tue,Jul,10,2021,0,0,1,0
07/07/2021,814525,Wed,Jul,10,2021,0,0,1,0
08/07/2021,851235,Thu,Jul,10,2021,0,0,1,0
09/07/2021,883909,Fri,Jul,10,2021,0,0,1,0
10/07/2021,918777,Sat,Jul,10,2021,0,0,1,0
11/07/2021,812323,Sun,Jul,11,2021,0,0,1,0
12/07/2021,879813,Mon,Jul,11,2021,0,0,1,0
13/07/2021,932772,Tue,Jul,11,2021,0,0,1,0
14/07/2021,828057,Wed,Jul,11,2021,0,0,1,0
15/07/2021,812348,Thu,Jul,11,2021,0,0,1,0
16/07/2021,751978,Fri,Jul,11,2021,0,0,1,0
17/07/2021,787545,Sat,Jul,11,2021,0,0,1,0
18/07/2021,841969,Sun,Jul,12,2021,0,0,1,0
19/07/2021,984091,Mon,Jul,12,2021,0,0,1,0
20/07/2021,942396,Tue,Jul,12,2021,0,0,1,0
21/07/2021,916225,Wed,Jul,12,2021,0,0,1,0
22/07/2021,945676,Thu,Jul,12,2021,0,0,1,0
23/07/2021,877929,Fri,Jul,12,2021,0,0,1,0
24/07/2021,905230,Sat,Jul,12,2021,0,0,1,0
25/07/2021,901420,Sun,Jul,13,2021,0,0,1,1
26/07/2021,911100,Mon,Jul,13,2021,0,0,1,1
27/07/2021,879393,Tue,Jul,13,2021,0,0,1,1
28/07/2021,941428,Wed,Jul,13,2021,0,0,1,1
29/07/2021,858364,Thu,Jul,13,2021,0,0,1,1
30/07/2021,962522,Fri,Jul,13,2021,0,0,1,1
31/07/2021,888701,Sat,Jul,13,2021,0,0,1,1
01/08/2021,893520,Sun,Aug,14,2021,0,0,1,0
02/08/2021,957992,Mon,Aug,14,2021,0,0,1,0
03/08/2021,869025,Tue,Aug,14,2021,0,0,1,0
04/08/2021,844921,Wed,Aug,14,2021,0,0,1,0
05/08/2021,835950,Thu,Aug,14,2021,0,0,1,0
06/08/2021,815726,Fri,Aug,14,2021,0,0,1,0
07/08/2021,894321,Sat,Aug,14,2021,0,0,1,0
08/08/2021,933710,Sun,Aug,15,2021,0,0,1,0
09/08/2021,945045,Mon,Aug,15,2021,0,0,1,0
10/08/2021,880883,Tue,Aug,15,2021,0,0,1,0
11/08/2021,1006978,Wed,Aug,15,2021,0,0,1,0
12/08/2021,934528,Thu,Aug,15,2021,0,0,1,0
13/08/2021,925498,Fri,Aug,15,2021,0,0,1,0
14/08/2021,885536,Sat,Aug,15,2021,0,0,1,0
15/08/2021,931852,Sun,Aug,16,2021,0,0,1,0
16/08/2021,931284,Mon,Aug,16,2021,0,0,1,0
17/08/2021,915436,Tue,Aug,16,2021,0,0,1,0
18/08/2021,968668,Wed,Aug,16,2021,0,0,1,0
19/08/2021,973997,Thu,Aug,16,2021,0,0,1,0
20/08/2021,974772,Fri,Aug,16,2021,0,0,1,0
21/08/2021,993146,Sat,Aug,16,2021,0,0,1,0
22/08/2021,938631,Sun,Aug,17,2021,0,0,1,0
23/08/2021,976142,Mon,Aug,17,2021,0,0,1,0
24/08/2021,927817,Tue,Aug,17,2021,0,0,1,0
25/08/2021,930499,Wed,Aug,17,2021,0,0,1,1
26/08/2021,982939,Thu,Aug,17,2021,0,0,1,1
27/08/2021,1084755,Fri,Aug,17,2021,0,0,1,1
28/08/2021,953244,Sat,Aug,17,2021,0,0,1,1
29/08/2021,965702,Sun,Aug,18,2021,0,0,1,1
30/08/2021,1196581,Mon,Aug,18,2021,0,0,1,1
31/08/2021,1041136,Tue,Aug,18,2021,0,0,1,1
01/09/2021,979858,Wed,Sep,18,2021,0,0,1,0
02/09/2021,979601,Thu,Sep,18,2021,0,0,1,0
03/09/2021,943325,Fri,Sep,18,2021,0,0,1,0
04/09/2021,947458,Sat,Sep,18,2021,0,0,1,0
05/09/2021,907617,Sun,Sep,19,2021,0,0,1,0
06/09/2021,959218,Mon,Sep,19,2021,0,0,1,0
07/09/2021,874674,Tue,Sep,19,2021,0,0,1,0
08/09/2021,843021,Wed,Sep,19,2021,0,0,1,0
09/09/2021,947103,Thu,Sep,19,2021,0,0,1,0
10/09/2021,972067,Fri,Sep,19,2021,0,0,1,0
11/09/2021,949311,Sat,Sep,19,2021,0,0,1,0
12/09/2021,966332,Sun,Sep,20,2021,0,0,1,0
13/09/2021,969424,Mon,Sep,20,2021,0,0,1,0
14/09/2021,950582,Tue,Sep,20,2021,0,0,1,0
15/09/2021,940479,Wed,Sep,20,2021,0,0,1,0
16/09/2021,902808,Thu,Sep,20,2021,0,0,1,0
17/09/2021,935413,Fri,Sep,20,2021,0,0,1,0
18/09/2021,935794,Sat,Sep,20,2021,0,0,1,0
19/09/2021,1003365,Sun,Sep,21,2021,0,0,1,0
20/09/2021,948985,Mon,Sep,21,2021,0,0,1,0
21/09/2021,924018,Tue,Sep,21,2021,0,0,1,0
22/09/2021,932760,Wed,Sep,21,2021,0,0,1,0
23/09/2021,920198,Thu,Sep,21,2021,0,0,1,0
24/09/2021,927979,Fri,Sep,21,2021,0,0,1,1
25/09/2021,906150,Sat,Sep,21,2021,0,0,1,1
26/09/2021,946424,Sun,Sep,22,2021,0,0,1,1
27/09/2021,1031905,Mon,Sep,22,2021,0,0,1,1
28/09/2021,1017319,Tue,Sep,22,2021,0,0,1,1
29/09/2021,901425,Wed,Sep,22,2021,0,0,1,1
30/09/2021,949609,Thu,Sep,22,2021,0,0,1,1
01/10/2021,1000031,Fri,Oct,22,2021,0,0,1,0
02/10/2021,1129343,Sat,Oct,22,2021,0,0,1,0
03/10/2021,1095293,Sun,Oct,23,2021,0,0,1,0
04/10/2021,1045236,Mon,Oct,23,2021,0,0,1,0
05/10/2021,1078798,Tue,Oct,23,2021,0,0,1,0
06/10/2021,1236954,Wed,Oct,23,2021,0,0,1,0
07/10/2021,1072384,Thu,Oct,23,2021,0,0,1,0
08/10/2021,1044106,Fri,Oct,23,2021,0,0,1,0
09/10/2021,1045356,Sat,Oct,23,2021,0,0,1,0
10/10/2021,1047318,Sun,Oct,24,2021,0,0,1,0
11/10/2021,1051900,Mon,Oct,24,2021,0,0,1,0
12/10/2021,1011977,Tue,Oct,24,2021,0,0,1,0
13/10/2021,1055490,Wed,Oct,24,2021,0,0,1,0
14/10/2021,1015688,Thu,Oct,24,2021,0,0,1,0
15/10/2021,1006319,Fri,Oct,24,2021,0,0,1,0
16/10/2021,1064450,Sat,Oct,24,2021,0,0,1,0
17/10/2021,1106899,Sun,Oct,25,2021,0,0,1,0
18/10/2021,1154404,Mon,Oct,25,2021,0,0,1,0
19/10/2021,1012572,Tue,Oct,25,2021,0,0,1,0
20/10/2021,1046240,Wed,Oct,25,2021,0,0,1,0
21/10/2021,1001323,Thu,Oct,25,2021,0,0,1,0
22/10/2021,1037615,Fri,Oct,25,2021,0,0,1,0
23/10/2021,1023424,Sat,Oct,25,2021,0,0,1,0
24/10/2021,1160489,Sun,Oct,26,2021,0,0,1,0
25/10/2021,1141853,Mon,Oct,26,2021,0,0,1,1
26/10/2021,1129669,Tue,Oct,26,2021,0,0,1,1
27/10/2021,1146246,Wed,Oct,26,2021,0,0,1,1
28/10/2021,1118300,Thu,Oct,26,2021,0,0,1,1
29/10/2021,1175553,Fri,Oct,26,2021,0,0,1,1
30/10/2021,1138680,Sat,Oct,26,2021,0,0,1,1
31/10/2021,1176865,Sun,Oct,27,2021,0,0,1,1
01/11/2021,1343679,Mon,Nov,27,2021,0,0,1,0
02/11/2021,1205311,Tue,Nov,27,2021,0,0,1,0
03/11/2021,1150116,Wed,Nov,27,2021,0,0,1,0
04/11/2021,1164268,Thu,Nov,27,2021,0,0,1,0
05/11/2021,1488874,Fri,Nov,27,2021,0,0,1,0
06/11/2021,1403922,Sat,Nov,27,2021,0,0,1,0
07/11/2021,1473926,Sun,Nov,28,2021,0,0,1,0
08/11/2021,1670194,Mon,Nov,28,2021,0,0,1,0
09/11/2021,1382344,Tue,Nov,28,2021,0,0,1,0
10/11/2021,1525989,Wed,Nov,28,2021,0,0,1,0
11/11/2021,1431995,Thu,Nov,28,2021,0,0,1,0
12/11/2021,1675513,Fri,Nov,28,2021,0,0,1,0
13/11/2021,1489181,Sat,Nov,28,2021,0,0,1,0
14/11/2021,1536886,Sun,Nov,29,2021,0,0,1,0
15/11/2021,1707460,Mon,Nov,29,2021,0,0,1,0
16/11/2021,1593118,Tue,Nov,29,2021,0,0,1,0
17/11/2021,1694036,Wed,Nov,29,2021,0,0,1,0
18/11/2021,1731489,Thu,Nov,29,2021,0,0,1,0
19/11/2021,2295063,Fri,Nov,29,2021,0,0,1,0
20/11/2021,1841010,Sat,Nov,29,2021,0,0,1,0
21/11/2021,1933401,Sun,Nov,30,2021,0,0,1,0
22/11/2021,2093438,Mon,Nov,30,2021,0,0,1,0
23/11/2021,1941464,Tue,Nov,30,2021,0,0,1,0
24/11/2021,2086669,Wed,Nov,30,2021,0,0,1,1
25/11/2021,2476964,Thu,Nov,30,2021,1,0,1,1
26/11/2021,4156897,Fri,Nov,30,2021,1,0,1,1
27/11/2021,2415923,Sat,Nov,30,2021,1,0,1,1
28/11/2021,2084128,Sun,Nov,31,2021,1,0,1,1
29/11/2021,2312434,Mon,Nov,31,2021,1,0,1,1
30/11/2021,1721736,Tue,Nov,31,2021,0,0,1,1
01/12/2021,1600011,Wed,Dec,31,2021,0,0,1,0
02/12/2021,1421388,Thu,Dec,31,2021,0,0,1,0
03/12/2021,1401007,Fri,Dec,31,2021,0,0,1,0
04/12/2021,1383146,Sat,Dec,31,2021,0,0,1,0
05/12/2021,1517604,Sun,Dec,32,2021,0,0,1,0
06/12/2021,1480369,Mon,Dec,32,2021,0,0,1,0
07/12/2021,1455078,Tue,Dec,32,2021,0,0,1,0
08/12/2021,1265984,Wed,Dec,32,2021,0,0,1,0
09/12/2021,1293287,Thu,Dec,32,2021,0,0,1,0
10/12/2021,1387683,Fri,Dec,32,2021,0,0,1,0
11/12/2021,1330705,Sat,Dec,32,2021,0,0,1,0
12/12/2021,1378012,Sun,Dec,33,2021,0,0,1,0
13/12/2021,1512497,Mon,Dec,33,2021,0,0,1,0
14/12/2021,1388349,Tue,Dec,33,2021,0,0,1,0
15/12/2021,1335371,Wed,Dec,33,2021,0,0,1,0
16/12/2021,1317129,Thu,Dec,33,2021,0,0,1,0
17/12/2021,1469974,Fri,Dec,33,2021,0,0,1,0
18/12/2021,1440322,Sat,Dec,33,2021,0,0,1,0
19/12/2021,1432283,Sun,Dec,34,2021,0,0,1,0
20/12/2021,1506675,Mon,Dec,34,2021,0,0,1,0
21/12/2021,1404201,Tue,Dec,34,2021,0,0,1,0
22/12/2021,1391215,Wed,Dec,34,2021,0,0,1,0
23/12/2021,1317620,Thu,Dec,34,2021,0,0,1,0
24/12/2021,1412951,Fri,Dec,34,2021,0,0,1,0
25/12/2021,1624779,Sat,Dec,34,2021,0,0,1,1
26/12/2021,2979888,Sun,Dec,35,2021,0,0,1,1
27/12/2021,2417062,Mon,Dec,35,2021,0,0,1,1
28/12/2021,2077607,Tue,Dec,35,2021,0,0,1,1
29/12/2021,1830103,Wed,Dec,35,2021,0,0,1,1
30/12/2021,1610607,Thu,Dec,35,2021,0,0,1,1
31/12/2021,1431303,Fri,Dec,35,2021,0,0,1,1
01/01/2022,1444518.592,Sat,Jan,35,2022,0,0,1,0
02/01/2022,1411436.525,Sun,Jan,36,2022,0,0,1,0
03/01/2022,1386718.014,Mon,Jan,36,2022,0,0,1,0
04/01/2022,1149509,Tue,Jan,36,2022,0,0,1,0
05/01/2022,1272772,Wed,Jan,36,2022,0,0,1,0
06/01/2022,1198565,Thu,Jan,36,2022,0,0,1,0
07/01/2022,1301149,Fri,Jan,36,2022,0,0,1,0
08/01/2022,1294381,Sat,Jan,36,2022,0,0,1,0
09/01/2022,1289896,Sun,Jan,37,2022,0,0,1,0
10/01/2022,1160513,Mon,Jan,37,2022,0,0,1,0
11/01/2022,1070429,Tue,Jan,37,2022,0,0,1,0
12/01/2022,1134482,Wed,Jan,37,2022,0,0,1,0
13/01/2022,1044218,Thu,Jan,37,2022,0,0,1,0
14/01/2022,1048261,Fri,Jan,37,2022,0,0,1,0
15/01/2022,1084728,Sat,Jan,37,2022,0,0,1,0
16/01/2022,1092644,Sun,Jan,38,2022,0,0,1,0
17/01/2022,1079444,Mon,Jan,38,2022,0,0,1,0
18/01/2022,962287,Tue,Jan,38,2022,0,0,1,0
19/01/2022,1059409,Wed,Jan,38,2022,0,0,1,0
20/01/2022,962727,Thu,Jan,38,2022,0,0,1,0
21/01/2022,1015019,Fri,Jan,38,2022,0,0,1,0
22/01/2022,987073,Sat,Jan,38,2022,0,0,1,0
23/01/2022,1005288,Sun,Jan,39,2022,0,0,1,0
24/01/2022,1080786,Mon,Jan,39,2022,0,0,1,0
25/01/2022,928980,Tue,Jan,39,2022,0,0,1,1
26/01/2022,967029,Wed,Jan,39,2022,0,0,1,1
27/01/2022,952366,Thu,Jan,39,2022,0,0,1,1
28/01/2022,1036110,Fri,Jan,39,2022,0,0,1,1
29/01/2022,1027761,Sat,Jan,39,2022,0,0,1,1
30/01/2022,1048692,Sun,Jan,40,2022,0,0,1,1
31/01/2022,955240,Mon,Jan,40,2022,0,0,1,1
01/02/2022,905348,Tue,Feb,40,2022,0,0,1,0
02/02/2022,906320,Wed,Feb,40,2022,0,0,1,0
03/02/2022,750339,Thu,Feb,40,2022,0,0,1,0
04/02/2022,834044,Fri,Feb,40,2022,0,0,1,0
05/02/2022,868232,Sat,Feb,40,2022,0,0,1,0
06/02/2022,900949,Sun,Feb,41,2022,0,0,1,0
07/02/2022,766147,Mon,Feb,41,2022,0,0,1,0
08/02/2022,709671,Tue,Feb,41,2022,0,0,1,0
09/02/2022,760864,Wed,Feb,41,2022,0,0,1,0
10/02/2022,749810,Thu,Feb,41,2022,0,0,1,0
11/02/2022,846307,Fri,Feb,41,2022,0,0,1,0
12/02/2022,850519,Sat,Feb,41,2022,0,0,1,0
13/02/2022,896653,Sun,Feb,42,2022,0,0,1,0
14/02/2022,815627,Mon,Feb,42,2022,0,0,1,0
15/02/2022,806390,Tue,Feb,42,2022,0,0,1,0
16/02/2022,837960,Wed,Feb,42,2022,0,0,1,0
17/02/2022,793811,Thu,Feb,42,2022,0,0,1,0
18/02/2022,900611,Fri,Feb,42,2022,0,0,1,0
19/02/2022,808833,Sat,Feb,42,2022,0,0,1,0
20/02/2022,869207,Sun,Feb,43,2022,0,0,1,0
21/02/2022,849687,Mon,Feb,43,2022,0,0,1,0
22/02/2022,728222,Tue,Feb,43,2022,0,0,1,1
23/02/2022,784638,Wed,Feb,43,2022,0,0,1,1
24/02/2022,719909,Thu,Feb,43,2022,0,0,1,1
25/02/2022,791933,Fri,Feb,43,2022,0,0,1,1
26/02/2022,779542,Sat,Feb,43,2022,0,0,1,1
27/02/2022,811474,Sun,Feb,44,2022,0,0,1,1
28/02/2022,880642,Mon,Feb,44,2022,0,0,1,1
01/03/2022,804098,Tue,Mar,44,2022,0,0,1,0
02/03/2022,806130,Wed,Mar,44,2022,0,0,1,0
03/03/2022,771441,Thu,Mar,44,2022,0,0,1,0
04/03/2022,857134,Fri,Mar,44,2022,0,0,1,0
05/03/2022,841231,Sat,Mar,44,2022,0,0,1,0
06/03/2022,906607,Sun,Mar,45,2022,0,0,1,0
07/03/2022,819980,Mon,Mar,45,2022,0,0,1,0
08/03/2022,783182,Tue,Mar,45,2022,0,0,1,0
09/03/2022,782009,Wed,Mar,45,2022,0,0,1,0
10/03/2022,735644,Thu,Mar,45,2022,0,0,1,0
11/03/2022,831962,Fri,Mar,45,2022,0,0,1,0
12/03/2022,842757,Sat,Mar,45,2022,0,0,1,0
13/03/2022,896902,Sun,Mar,46,2022,0,0,1,0
14/03/2022,867807,Mon,Mar,46,2022,0,0,1,0
15/03/2022,763757,Tue,Mar,46,2022,0,0,1,0
16/03/2022,825760,Wed,Mar,46,2022,0,0,1,0
17/03/2022,706549,Thu,Mar,46,2022,0,0,1,0
18/03/2022,710994,Fri,Mar,46,2022,0,0,1,0
19/03/2022,726621,Sat,Mar,46,2022,0,0,1,0
20/03/2022,766697,Sun,Mar,47,2022,0,0,1,0
21/03/2022,795423,Mon,Mar,47,2022,0,0,1,0
22/03/2022,732862,Tue,Mar,47,2022,0,0,1,0
23/03/2022,700200,Wed,Mar,47,2022,0,0,1,0
24/03/2022,676920,Thu,Mar,47,2022,0,0,1,0
25/03/2022,696283,Fri,Mar,47,2022,0,0,1,1
26/03/2022,630529,Sat,Mar,47,2022,0,0,1,1
27/03/2022,642411,Sun,Mar,48,2022,0,0,1,1
28/03/2022,701231,Mon,Mar,48,2022,0,0,1,1
29/03/2022,719733,Tue,Mar,48,2022,0,0,1,1
30/03/2022,738492,Wed,Mar,48,2022,0,0,1,1
31/03/2022,744981,Thu,Mar,48,2022,0,0,1,1
01/04/2022,829752,Fri,Apr,48,2022,0,0,1,0
02/04/2022,814620,Sat,Apr,48,2022,0,0,1,0
03/04/2022,880911,Sun,Apr,49,2022,0,0,1,0
04/04/2022,828310,Mon,Apr,49,2022,0,0,1,0
05/04/2022,792145,Tue,Apr,49,2022,0,0,1,0
06/04/2022,894117,Wed,Apr,49,2022,0,0,1,0
07/04/2022,839803,Thu,Apr,49,2022,0,0,1,0
08/04/2022,832280,Fri,Apr,49,2022,0,0,1,0
09/04/2022,786691,Sat,Apr,49,2022,0,0,1,0
10/04/2022,807677,Sun,Apr,50,2022,0,0,1,0
11/04/2022,842294,Mon,Apr,50,2022,0,0,1,0
12/04/2022,854374,Tue,Apr,50,2022,0,0,1,0
13/04/2022,860354,Wed,Apr,50,2022,0,0,1,0
14/04/2022,834468,Thu,Apr,50,2022,0,0,1,0
15/04/2022,980224,Fri,Apr,50,2022,0,1,1,0
16/04/2022,836974,Sat,Apr,50,2022,0,1,1,0
17/04/2022,835144,Sun,Apr,51,2022,0,1,1,0
18/04/2022,1122566,Mon,Apr,51,2022,0,1,1,0
19/04/2022,839454,Tue,Apr,51,2022,0,0,1,0
20/04/2022,744027,Wed,Apr,51,2022,0,0,1,0
21/04/2022,724576,Thu,Apr,51,2022,0,0,1,0
22/04/2022,786859,Fri,Apr,51,2022,0,0,1,0
23/04/2022,769022,Sat,Apr,51,2022,0,0,1,0
24/04/2022,774382,Sun,Apr,52,2022,0,0,1,1
25/04/2022,802112,Mon,Apr,52,2022,0,0,1,1
26/04/2022,701062,Tue,Apr,52,2022,0,0,1,1
27/04/2022,758392,Wed,Apr,52,2022,0,0,1,1
28/04/2022,732050,Thu,Apr,52,2022,0,0,1,1
29/04/2022,755056,Fri,Apr,52,2022,0,0,1,1
30/04/2022,718248,Sat,Apr,52,2022,0,0,1,1
01/05/2022,864182,Sun,May,1,2022,0,0,1,0
02/05/2022,832895,Mon,May,1,2022,0,0,1,0
03/05/2022,738390,Tue,May,1,2022,0,0,1,0
04/05/2022,719682,Wed,May,1,2022,0,0,1,0
05/05/2022,649339,Thu,May,1,2022,0,0,1,0
06/05/2022,717141,Fri,May,1,2022,0,0,1,0
07/05/2022,748995,Sat,May,1,2022,0,0,1,0
08/05/2022,669129,Sun,May,2,2022,0,0,1,0
09/05/2022,684479,Mon,May,2,2022,0,0,1,0
10/05/2022,659448,Tue,May,2,2022,0,0,1,0
11/05/2022,697888,Wed,May,2,2022,0,0,1,0
12/05/2022,638856,Thu,May,2,2022,0,0,1,0
13/05/2022,702532,Fri,May,2,2022,0,0,1,0
14/05/2022,602521,Sat,May,2,2022,0,0,1,0
15/05/2022,711675,Sun,May,3,2022,0,0,1,0
16/05/2022,735559,Mon,May,3,2022,0,0,1,0
17/05/2022,658420,Tue,May,3,2022,0,0,1,0
18/05/2022,583640,Wed,May,3,2022,0,0,1,0
19/05/2022,609351,Thu,May,3,2022,0,0,1,0
20/05/2022,732677,Fri,May,3,2022,0,0,1,0
21/05/2022,693764,Sat,May,3,2022,0,0,1,0
22/05/2022,693663,Sun,May,4,2022,0,0,1,0
23/05/2022,748011,Mon,May,4,2022,0,0,1,0
24/05/2022,707770,Tue,May,4,2022,0,0,1,0
25/05/2022,741286,Wed,May,4,2022,0,0,1,1
26/05/2022,732554,Thu,May,4,2022,0,0,1,1
27/05/2022,680047,Fri,May,4,2022,0,0,1,1
28/05/2022,681941,Sat,May,4,2022,0,0,1,1
29/05/2022,739057,Sun,May,5,2022,0,0,1,1
30/05/2022,841193,Mon,May,5,2022,0,0,1,1
31/05/2022,783511,Tue,May,5,2022,0,0,1,1
01/06/2022,797590,Wed,Jun,5,2022,0,0,1,0
02/06/2022,727538,Thu,Jun,5,2022,0,0,1,0
03/06/2022,811304,Fri,Jun,5,2022,0,0,1,0
04/06/2022,704659,Sat,Jun,5,2022,0,0,1,0
05/06/2022,809165,Sun,Jun,6,2022,0,0,1,0
06/06/2022,791638,Mon,Jun,6,2022,0,0,1,0
07/06/2022,725909,Tue,Jun,6,2022,0,0,1,0
08/06/2022,730969,Wed,Jun,6,2022,0,0,1,0
09/06/2022,690885,Thu,Jun,6,2022,0,0,1,0
10/06/2022,821977,Fri,Jun,6,2022,0,0,1,0
11/06/2022,750899,Sat,Jun,6,2022,0,0,1,0
12/06/2022,776898,Sun,Jun,7,2022,0,0,1,0
13/06/2022,806931,Mon,Jun,7,2022,0,0,1,0
14/06/2022,721588,Tue,Jun,7,2022,0,0,1,0
15/06/2022,699213,Wed,Jun,7,2022,0,0,1,0
16/06/2022,669661,Thu,Jun,7,2022,0,0,1,0
17/06/2022,805033,Fri,Jun,7,2022,0,0,1,0
18/06/2022,762161,Sat,Jun,7,2022,0,0,1,0
19/06/2022,750503,Sun,Jun,8,2022,0,0,1,0
20/06/2022,733662,Mon,Jun,8,2022,0,0,1,0
21/06/2022,659425,Tue,Jun,8,2022,0,0,1,0
22/06/2022,651489,Wed,Jun,8,2022,0,0,1,0
23/06/2022,675489,Thu,Jun,8,2022,0,0,1,0
24/06/2022,782379,Fri,Jun,8,2022,0,0,1,1
25/06/2022,732225,Sat,Jun,8,2022,0,0,1,1
26/06/2022,769134,Sun,Jun,9,2022,0,0,1,1
27/06/2022,784848,Mon,Jun,9,2022,0,0,1,1
28/06/2022,734992,Tue,Jun,9,2022,0,0,1,1
29/06/2022,794550,Wed,Jun,9,2022,0,0,1,1
30/06/2022,801504,Thu,Jun,9,2022,0,0,1,1
01/07/2022,753131,Fri,Jul,9,2022,0,0,1,0
02/07/2022,764622,Sat,Jul,9,2022,0,0,1,0
03/07/2022,801674,Sun,Jul,10,2022,0,0,1,0
04/07/2022,763404,Mon,Jul,10,2022,0,0,1,0
05/07/2022,686147,Tue,Jul,10,2022,0,0,1,0
06/07/2022,808336,Wed,Jul,10,2022,0,0,1,0
07/07/2022,707184,Thu,Jul,10,2022,0,0,1,0
08/07/2022,725287,Fri,Jul,10,2022,0,0,1,0
09/07/2022,689488,Sat,Jul,10,2022,0,0,1,0
10/07/2022,721112,Sun,Jul,11,2022,0,0,1,0
11/07/2022,882368,Mon,Jul,11,2022,0,0,1,0
12/07/2022,924632,Tue,Jul,11,2022,0,0,1,0
13/07/2022,915936,Wed,Jul,11,2022,0,0,1,0
14/07/2022,775721,Thu,Jul,11,2022,0,0,1,0
15/07/2022,803769,Fri,Jul,11,2022,0,0,1,0
16/07/2022,763779,Sat,Jul,11,2022,0,0,1,0
17/07/2022,802112,Sun,Jul,12,2022,0,0,1,0
18/07/2022,929882,Mon,Jul,12,2022,0,0,1,0
19/07/2022,960132,Tue,Jul,12,2022,0,0,1,0
20/07/2022,804202,Wed,Jul,12,2022,0,0,1,0
21/07/2022,762156,Thu,Jul,12,2022,0,0,1,0
22/07/2022,809433,Fri,Jul,12,2022,0,0,1,0
23/07/2022,799543,Sat,Jul,12,2022,0,0,1,0
24/07/2022,838730,Sun,Jul,13,2022,0,0,1,0
25/07/2022,928530,Mon,Jul,13,2022,0,0,1,1
26/07/2022,813188,Tue,Jul,13,2022,0,0,1,1
27/07/2022,776534,Wed,Jul,13,2022,0,0,1,1
28/07/2022,848465,Thu,Jul,13,2022,0,0,1,1
29/07/2022,797298,Fri,Jul,13,2022,0,0,1,1
30/07/2022,878283,Sat,Jul,13,2022,0,0,1,1
31/07/2022,873850,Sun,Jul,14,2022,0,0,1,1
01/08/2022,919559,Mon,Aug,14,2022,0,0,1,0
02/08/2022,842625,Tue,Aug,14,2022,0,0,1,0
03/08/2022,826825,Wed,Aug,14,2022,0,0,1,0
04/08/2022,774268,Thu,Aug,14,2022,0,0,1,0
05/08/2022,775878,Fri,Aug,14,2022,0,0,1,0
06/08/2022,752897,Sat,Aug,14,2022,0,0,1,0
07/08/2022,815652,Sun,Aug,15,2022,0,0,1,0
08/08/2022,824797,Mon,Aug,15,2022,0,0,1,0
09/08/2022,763873,Tue,Aug,15,2022,0,0,1,0
10/08/2022,770967,Wed,Aug,15,2022,0,0,1,0
11/08/2022,754973,Thu,Aug,15,2022,0,0,1,0
12/08/2022,757904,Fri,Aug,15,2022,0,0,1,0
13/08/2022,744401,Sat,Aug,15,2022,0,0,1,0
14/08/2022,794580,Sun,Aug,16,2022,0,0,1,0
15/08/2022,856785,Mon,Aug,16,2022,0,0,1,0
16/08/2022,820387,Tue,Aug,16,2022,0,0,1,0
17/08/2022,895321,Wed,Aug,16,2022,0,0,1,0
18/08/2022,915063,Thu,Aug,16,2022,0,0,1,0
19/08/2022,855568,Fri,Aug,16,2022,0,0,1,0
20/08/2022,860373,Sat,Aug,16,2022,0,0,1,0
21/08/2022,879998,Sun,Aug,17,2022,0,0,1,0
22/08/2022,980876,Mon,Aug,17,2022,0,0,1,0
23/08/2022,902777,Tue,Aug,17,2022,0,0,1,0
24/08/2022,972899,Wed,Aug,17,2022,0,0,1,0
25/08/2022,963466,Thu,Aug,17,2022,0,0,1,1
26/08/2022,968331,Fri,Aug,17,2022,0,0,1,1
27/08/2022,902881,Sat,Aug,17,2022,0,0,1,1
28/08/2022,917876,Sun,Aug,18,2022,0,0,1,1
29/08/2022,1188416,Mon,Aug,18,2022,0,0,1,1
30/08/2022,970627,Tue,Aug,18,2022,0,0,1,1
31/08/2022,942254,Wed,Aug,18,2022,0,0,1,1
01/09/2022,901924,Thu,Sep,18,2022,0,0,1,0
02/09/2022,932231,Fri,Sep,18,2022,0,0,1,0
03/09/2022,940919,Sat,Sep,18,2022,0,0,1,0
04/09/2022,1013233,Sun,Sep,19,2022,0,0,1,0
05/09/2022,990363,Mon,Sep,19,2022,0,0,1,0
06/09/2022,929760,Tue,Sep,19,2022,0,0,1,0
07/09/2022,973789,Wed,Sep,19,2022,0,0,1,0
08/09/2022,918166,Thu,Sep,19,2022,0,0,1,0
09/09/2022,851930,Fri,Sep,19,2022,0,0,1,0
10/09/2022,968626,Sat,Sep,19,2022,0,0,1,0
11/09/2022,990795,Sun,Sep,20,2022,0,0,1,0
12/09/2022,980475,Mon,Sep,20,2022,0,0,1,0
13/09/2022,919121,Tue,Sep,20,2022,0,0,1,0
14/09/2022,895835,Wed,Sep,20,2022,0,0,1,0
15/09/2022,919355,Thu,Sep,20,2022,0,0,1,0
16/09/2022,972250,Fri,Sep,20,2022,0,0,1,0
17/09/2022,989773,Sat,Sep,20,2022,0,0,1,0
18/09/2022,1010474,Sun,Sep,21,2022,0,0,1,0
19/09/2022,871315,Mon,Sep,21,2022,0,0,1,0
20/09/2022,924526,Tue,Sep,21,2022,0,0,1,0
21/09/2022,996881,Wed,Sep,21,2022,0,0,1,0
22/09/2022,978704,Thu,Sep,21,2022,0,0,1,0
23/09/2022,964435,Fri,Sep,21,2022,0,0,1,0
24/09/2022,1012666,Sat,Sep,21,2022,0,0,1,1
25/09/2022,1059597,Sun,Sep,22,2022,0,0,1,1
26/09/2022,1052761,Mon,Sep,22,2022,0,0,1,1
27/09/2022,941785,Tue,Sep,22,2022,0,0,1,1
28/09/2022,1002474,Wed,Sep,22,2022,0,0,1,1
29/09/2022,1014266,Thu,Sep,22,2022,0,0,1,1
30/09/2022,1053024,Fri,Sep,22,2022,0,0,1,1
01/10/2022,1147283,Sat,Oct,22,2022,0,0,1,0
02/10/2022,1133431,Sun,Oct,23,2022,0,0,1,0
03/10/2022,1057439,Mon,Oct,23,2022,0,0,1,0
04/10/2022,1042149,Tue,Oct,23,2022,0,0,1,0
05/10/2022,1052349,Wed,Oct,23,2022,0,0,1,0
06/10/2022,981108,Thu,Oct,23,2022,0,0,1,0
07/10/2022,995635,Fri,Oct,23,2022,0,0,1,0
08/10/2022,988424,Sat,Oct,23,2022,0,0,1,0
09/10/2022,1058606,Sun,Oct,24,2022,0,0,1,0
10/10/2022,996901,Mon,Oct,24,2022,0,0,1,0
11/10/2022,1027334,Tue,Oct,24,2022,0,0,1,0
12/10/2022,1034528,Wed,Oct,24,2022,0,0,1,0
13/10/2022,909692,Thu,Oct,24,2022,0,0,1,0
14/10/2022,889906,Fri,Oct,24,2022,0,0,1,0
15/10/2022,964551,Sat,Oct,24,2022,0,0,1,0
16/10/2022,953346,Sun,Oct,25,2022,0,0,1,0
17/10/2022,940752,Mon,Oct,25,2022,0,0,1,0
18/10/2022,896292,Tue,Oct,25,2022,0,0,1,0
19/10/2022,1036355,Wed,Oct,25,2022,0,0,1,0
20/10/2022,937562,Thu,Oct,25,2022,0,0,1,0
21/10/2022,941842,Fri,Oct,25,2022,0,0,1,0
22/10/2022,956242,Sat,Oct,25,2022,0,0,1,0
23/10/2022,1040339,Sun,Oct,26,2022,0,0,1,0
24/10/2022,1035717,Mon,Oct,26,2022,0,0,1,0
25/10/2022,992824,Tue,Oct,26,2022,0,0,1,1
26/10/2022,1045380,Wed,Oct,26,2022,0,0,1,1
27/10/2022,953451,Thu,Oct,26,2022,0,0,1,1
28/10/2022,1011135,Fri,Oct,26,2022,0,0,1,1
29/10/2022,1001508,Sat,Oct,26,2022,0,0,1,1
30/10/2022,1096682,Sun,Oct,27,2022,0,0,1,1
31/10/2022,1037435,Mon,Oct,27,2022,0,0,1,1
01/11/2022,1031206,Tue,Nov,27,2022,0,0,1,0
